Allergy,Treatment
Latex,Avoidance and corticosteroids
Latex,Avoidance and corticosteroids
Mold,Dehumidifiers and antifungal treatment
Pollen,Antihistamines
Dust mites,Nasal corticosteroids
Pollen,Antihistamines
Mold,Dehumidifiers and antifungal treatment
Latex,Avoidance and corticosteroids
Bee stings,Epinephrine injection
Latex,Avoidance and corticosteroids
Mold,Dehumidifiers and antifungal treatment
Dust mites,Nasal corticosteroids
Shellfish,Epinephrine injection
Latex,Avoidance and corticosteroids
Bee stings,Epinephrine injection
Pet dander,Allergy shots
Pet dander,Allergy shots
Pollen,Antihistamines
Pollen,Antihistamines
Shellfish,Epinephrine injection
Peanuts,Epinephrine injection
Mold,Dehumidifiers and antifungal treatment
Mold,Dehumidifiers and antifungal treatment
Bee stings,Epinephrine injection
Shellfish,Epinephrine injection
Pollen,Antihistamines
Dust mites,Nasal corticosteroids
Peanuts,Epinephrine injection
Bee stings,Epinephrine injection
Bee stings,Epinephrine injection
Bee stings,Epinephrine injection
Dust mites,Nasal corticosteroids
Mold,Dehumidifiers and antifungal treatment
Pollen,Antihistamines
Dust mites,Nasal corticosteroids
Peanuts,Epinephrine injection
Dust mites,Nasal corticosteroids
Shellfish,Epinephrine injection
Mold,Dehumidifiers and antifungal treatment
Latex,Avoidance and corticosteroids
Bee stings,Epinephrine injection
Pet dander,Allergy shots
Pet dander,Allergy shots
Mold,Dehumidifiers and antifungal treatment
Dust mites,Nasal corticosteroids
Peanuts,Epinephrine injection
Pollen,Antihistamines
Peanuts,Epinephrine injection
Peanuts,Epinephrine injection
Peanuts,Epinephrine injection
Latex,Avoidance and corticosteroids
Pollen,Antihistamines
Pollen,Antihistamines
Pollen,Antihistamines
Mold,Dehumidifiers and antifungal treatment
Shellfish,Epinephrine injection
Shellfish,Epinephrine injection
Dust mites,Nasal corticosteroids
Shellfish,Epinephrine injection
Shellfish,Epinephrine injection
Bee stings,Epinephrine injection
Peanuts,Epinephrine injection
Mold,Dehumidifiers and antifungal treatment
Pollen,Antihistamines
Pollen,Antihistamines
Pet dander,Allergy shots
Shellfish,Epinephrine injection
Latex,Avoidance and corticosteroids
Pollen,Antihistamines
Pollen,Antihistamines
Pet dander,Allergy shots
Latex,Avoidance and corticosteroids
Peanuts,Epinephrine injection
Pet dander,Allergy shots
Mold,Dehumidifiers and antifungal treatment
Pollen,Antihistamines
Pollen,Antihistamines
Mold,Dehumidifiers and antifungal treatment
Pollen,Antihistamines
Dust mites,Nasal corticosteroids
Dust mites,Nasal corticosteroids
Dust mites,Nasal corticosteroids
Bee stings,Epinephrine injection
Shellfish,Epinephrine injection
Pollen,Antihistamines
Pollen,Antihistamines
Pet dander,Allergy shots
Pet dander,Allergy shots
Peanuts,Epinephrine injection
Pet dander,Allergy shots
Mold,Dehumidifiers and antifungal treatment
Pet dander,Allergy shots
Pollen,Antihistamines
Pet dander,Allergy shots
Peanuts,Epinephrine injection
Latex,Avoidance and corticosteroids
Dust mites,Nasal corticosteroids
Mold,Dehumidifiers and antifungal treatment
Pet dander,Allergy shots
Latex,Avoidance and corticosteroids
Pet dander,Allergy shots
Latex,Avoidance and corticosteroids
Latex,Avoidance and corticosteroids
Dust mites,Nasal corticosteroids
Dust mites,Nasal corticosteroids
Pollen,Antihistamines
Dust mites,Nasal corticosteroids
Shellfish,Epinephrine injection
Pollen,Antihistamines
Mold,Dehumidifiers and antifungal treatment
Bee stings,Epinephrine injection
Pollen,Antihistamines
Mold,Dehumidifiers and antifungal treatment
Pet dander,Allergy shots
Latex,Avoidance and corticosteroids
Pollen,Antihistamines
Bee stings,Epinephrine injection
Latex,Avoidance and corticosteroids
Latex,Avoidance and corticosteroids
Bee stings,Epinephrine injection
Pollen,Antihistamines
Pet dander,Allergy shots
Dust mites,Nasal corticosteroids
Pollen,Antihistamines
Pet dander,Allergy shots
Peanuts,Epinephrine injection
Mold,Dehumidifiers and antifungal treatment
Dust mites,Nasal corticosteroids
Pet dander,Allergy shots
Pollen,Antihistamines
Pet dander,Allergy shots
Pet dander,Allergy shots
Latex,Avoidance and corticosteroids
Bee stings,Epinephrine injection
Bee stings,Epinephrine injection
Shellfish,Epinephrine injection
Bee stings,Epinephrine injection
Peanuts,Epinephrine injection
Dust mites,Nasal corticosteroids
Dust mites,Nasal corticosteroids
Dust mites,Nasal corticosteroids
Peanuts,Epinephrine injection
Shellfish,Epinephrine injection
Latex,Avoidance and corticosteroids
Pollen,Antihistamines
Dust mites,Nasal corticosteroids
Mold,Dehumidifiers and antifungal treatment
Mold,Dehumidifiers and antifungal treatment
Peanuts,Epinephrine injection
Shellfish,Epinephrine injection
Bee stings,Epinephrine injection
Pollen,Antihistamines
Peanuts,Epinephrine injection
Mold,Dehumidifiers and antifungal treatment
Shellfish,Epinephrine injection
Bee stings,Epinephrine injection
Bee stings,Epinephrine injection
Peanuts,Epinephrine injection
Peanuts,Epinephrine injection
Pet dander,Allergy shots
Shellfish,Epinephrine injection
Shellfish,Epinephrine injection
Pollen,Antihistamines
Pet dander,Allergy shots
Dust mites,Nasal corticosteroids
Bee stings,Epinephrine injection
Bee stings,Epinephrine injection
Bee stings,Epinephrine injection
Mold,Dehumidifiers and antifungal treatment
Dust mites,Nasal corticosteroids
Shellfish,Epinephrine injection
Peanuts,Epinephrine injection
Pet dander,Allergy shots
Mold,Dehumidifiers and antifungal treatment
Dust mites,Nasal corticosteroids
Peanuts,Epinephrine injection
Shellfish,Epinephrine injection
Mold,Dehumidifiers and antifungal treatment
Pet dander,Allergy shots
Pollen,Antihistamines
Dust mites,Nasal corticosteroids
Latex,Avoidance and corticosteroids
Shellfish,Epinephrine injection
Mold,Dehumidifiers and antifungal treatment
Bee stings,Epinephrine injection
Latex,Avoidance and corticosteroids
Bee stings,Epinephrine injection
Peanuts,Epinephrine injection
Pet dander,Allergy shots
Pet dander,Allergy shots
Pet dander,Allergy shots
Latex,Avoidance and corticosteroids
Shellfish,Epinephrine injection
Dust mites,Nasal corticosteroids
Bee stings,Epinephrine injection
Latex,Avoidance and corticosteroids
Shellfish,Epinephrine injection
Dust mites,Nasal corticosteroids
Pet dander,Allergy shots
Shellfish,Epinephrine injection
Pet dander,Allergy shots
Peanuts,Epinephrine injection
Pollen,Antihistamines
Pet dander,Allergy shots
Bee stings,Epinephrine injection
Pollen,Antihistamines
Pet dander,Allergy shots
Dust mites,Nasal corticosteroids
Dust mites,Nasal corticosteroids
Mold,Dehumidifiers and antifungal treatment
Pet dander,Allergy shots
Shellfish,Epinephrine injection
Shellfish,Epinephrine injection
Bee stings,Epinephrine injection
Bee stings,Epinephrine injection
Pet dander,Allergy shots
Peanuts,Epinephrine injection
Latex,Avoidance and corticosteroids
Bee stings,Epinephrine injection
Shellfish,Epinephrine injection
Pet dander,Allergy shots
Latex,Avoidance and corticosteroids
Dust mites,Nasal corticosteroids
Bee stings,Epinephrine injection
Latex,Avoidance and corticosteroids
Bee stings,Epinephrine injection
Dust mites,Nasal corticosteroids
Shellfish,Epinephrine injection
Latex,Avoidance and corticosteroids
Shellfish,Epinephrine injection
Latex,Avoidance and corticosteroids
Peanuts,Epinephrine injection
Shellfish,Epinephrine injection
Peanuts,Epinephrine injection
Shellfish,Epinephrine injection
Pollen,Antihistamines
Pollen,Antihistamines
Pet dander,Allergy shots
Mold,Dehumidifiers and antifungal treatment
Pet dander,Allergy shots
Mold,Dehumidifiers and antifungal treatment
Mold,Dehumidifiers and antifungal treatment
Bee stings,Epinephrine injection
Mold,Dehumidifiers and antifungal treatment
Bee stings,Epinephrine injection
Mold,Dehumidifiers and antifungal treatment
Pollen,Antihistamines
Peanuts,Epinephrine injection
Pollen,Antihistamines
Pet dander,Allergy shots
Dust mites,Nasal corticosteroids
Latex,Avoidance and corticosteroids
Mold,Dehumidifiers and antifungal treatment
Latex,Avoidance and corticosteroids
Pet dander,Allergy shots
Dust mites,Nasal corticosteroids
Peanuts,Epinephrine injection
Shellfish,Epinephrine injection
Shellfish,Epinephrine injection
Pet dander,Allergy shots
Dust mites,Nasal corticosteroids
Bee stings,Epinephrine injection
Mold,Dehumidifiers and antifungal treatment
Latex,Avoidance and corticosteroids
Dust mites,Nasal corticosteroids
Pet dander,Allergy shots
Bee stings,Epinephrine injection
Dust mites,Nasal corticosteroids
Peanuts,Epinephrine injection
Mold,Dehumidifiers and antifungal treatment
Latex,Avoidance and corticosteroids
Bee stings,Epinephrine injection
Pet dander,Allergy shots
Dust mites,Nasal corticosteroids
Mold,Dehumidifiers and antifungal treatment
Latex,Avoidance and corticosteroids
Pollen,Antihistamines
Mold,Dehumidifiers and antifungal treatment
Mold,Dehumidifiers and antifungal treatment
Shellfish,Epinephrine injection
Mold,Dehumidifiers and antifungal treatment
Peanuts,Epinephrine injection
Mold,Dehumidifiers and antifungal treatment
Peanuts,Epinephrine injection
Pet dander,Allergy shots
Pollen,Antihistamines
Dust mites,Nasal corticosteroids
Pollen,Antihistamines
Pet dander,Allergy shots
Shellfish,Epinephrine injection
Bee stings,Epinephrine injection
Latex,Avoidance and corticosteroids
Shellfish,Epinephrine injection
Shellfish,Epinephrine injection
Dust mites,Nasal corticosteroids
Shellfish,Epinephrine injection
Bee stings,Epinephrine injection
Bee stings,Epinephrine injection
Latex,Avoidance and corticosteroids
Peanuts,Epinephrine injection
Pollen,Antihistamines
Latex,Avoidance and corticosteroids
Dust mites,Nasal corticosteroids
Latex,Avoidance and corticosteroids
Pollen,Antihistamines
Shellfish,Epinephrine injection
Latex,Avoidance and corticosteroids
Shellfish,Epinephrine injection
Bee stings,Epinephrine injection
Pet dander,Allergy shots
Pollen,Antihistamines
Shellfish,Epinephrine injection
Pollen,Antihistamines
Dust mites,Nasal corticosteroids
Latex,Avoidance and corticosteroids
Latex,Avoidance and corticosteroids
Dust mites,Nasal corticosteroids
Pollen,Antihistamines
Latex,Avoidance and corticosteroids
Mold,Dehumidifiers and antifungal treatment
Bee stings,Epinephrine injection
Shellfish,Epinephrine injection
Mold,Dehumidifiers and antifungal treatment
Bee stings,Epinephrine injection
Shellfish,Epinephrine injection
Latex,Avoidance and corticosteroids
Shellfish,Epinephrine injection
Latex,Avoidance and corticosteroids
Shellfish,Epinephrine injection
Dust mites,Nasal corticosteroids
Latex,Avoidance and corticosteroids
Peanuts,Epinephrine injection
Bee stings,Epinephrine injection
Shellfish,Epinephrine injection
Latex,Avoidance and corticosteroids
Pollen,Antihistamines
Mold,Dehumidifiers and antifungal treatment
Shellfish,Epinephrine injection
Pollen,Antihistamines
Peanuts,Epinephrine injection
Dust mites,Nasal corticosteroids
Dust mites,Nasal corticosteroids
Bee stings,Epinephrine injection
Pet dander,Allergy shots
Dust mites,Nasal corticosteroids
Peanuts,Epinephrine injection
Peanuts,Epinephrine injection
Dust mites,Nasal corticosteroids
Latex,Avoidance and corticosteroids
Shellfish,Epinephrine injection
Dust mites,Nasal corticosteroids
Latex,Avoidance and corticosteroids
Bee stings,Epinephrine injection
Latex,Avoidance and corticosteroids
Dust mites,Nasal corticosteroids
Latex,Avoidance and corticosteroids
Dust mites,Nasal corticosteroids
Shellfish,Epinephrine injection
Peanuts,Epinephrine injection
Shellfish,Epinephrine injection
Shellfish,Epinephrine injection
Shellfish,Epinephrine injection
Pet dander,Allergy shots
Dust mites,Nasal corticosteroids
Latex,Avoidance and corticosteroids
Dust mites,Nasal corticosteroids
Pollen,Antihistamines
Pet dander,Allergy shots
Shellfish,Epinephrine injection
Pet dander,Allergy shots
Bee stings,Epinephrine injection
Pollen,Antihistamines
Shellfish,Epinephrine injection
Bee stings,Epinephrine injection
Shellfish,Epinephrine injection
Mold,Dehumidifiers and antifungal treatment
Shellfish,Epinephrine injection
Pollen,Antihistamines
Latex,Avoidance and corticosteroids
Shellfish,Epinephrine injection
Latex,Avoidance and corticosteroids
Mold,Dehumidifiers and antifungal treatment
Peanuts,Epinephrine injection
Shellfish,Epinephrine injection
Pollen,Antihistamines
Mold,Dehumidifiers and antifungal treatment
Pollen,Antihistamines
Pollen,Antihistamines
Latex,Avoidance and corticosteroids
Mold,Dehumidifiers and antifungal treatment
Bee stings,Epinephrine injection
Pet dander,Allergy shots
Peanuts,Epinephrine injection
Pollen,Antihistamines
Pollen,Antihistamines
Pollen,Antihistamines
Bee stings,Epinephrine injection
Shellfish,Epinephrine injection
Mold,Dehumidifiers and antifungal treatment
Peanuts,Epinephrine injection
Peanuts,Epinephrine injection
Shellfish,Epinephrine injection
Pet dander,Allergy shots
Bee stings,Epinephrine injection
Mold,Dehumidifiers and antifungal treatment
Shellfish,Epinephrine injection
Bee stings,Epinephrine injection
Mold,Dehumidifiers and antifungal treatment
Mold,Dehumidifiers and antifungal treatment
Dust mites,Nasal corticosteroids
Latex,Avoidance and corticosteroids
Shellfish,Epinephrine injection
Peanuts,Epinephrine injection
Dust mites,Nasal corticosteroids
Bee stings,Epinephrine injection
Dust mites,Nasal corticosteroids
Peanuts,Epinephrine injection
Pet dander,Allergy shots
Mold,Dehumidifiers and antifungal treatment
Dust mites,Nasal corticosteroids
Pet dander,Allergy shots
Peanuts,Epinephrine injection
Peanuts,Epinephrine injection
Pollen,Antihistamines
Latex,Avoidance and corticosteroids
Bee stings,Epinephrine injection
Mold,Dehumidifiers and antifungal treatment
Bee stings,Epinephrine injection
Shellfish,Epinephrine injection
Shellfish,Epinephrine injection
Latex,Avoidance and corticosteroids
Dust mites,Nasal corticosteroids
Peanuts,Epinephrine injection
Dust mites,Nasal corticosteroids
Shellfish,Epinephrine injection
Dust mites,Nasal corticosteroids
Pet dander,Allergy shots
Peanuts,Epinephrine injection
Shellfish,Epinephrine injection
Latex,Avoidance and corticosteroids
Mold,Dehumidifiers and antifungal treatment
Bee stings,Epinephrine injection
Pollen,Antihistamines
Latex,Avoidance and corticosteroids
Mold,Dehumidifiers and antifungal treatment
Pollen,Antihistamines
Shellfish,Epinephrine injection
Latex,Avoidance and corticosteroids
Pet dander,Allergy shots
Pollen,Antihistamines
Peanuts,Epinephrine injection
Bee stings,Epinephrine injection
Peanuts,Epinephrine injection
Peanuts,Epinephrine injection
Peanuts,Epinephrine injection
Pet dander,Allergy shots
Latex,Avoidance and corticosteroids
Pet dander,Allergy shots
Bee stings,Epinephrine injection
Bee stings,Epinephrine injection
Pet dander,Allergy shots
Latex,Avoidance and corticosteroids
Mold,Dehumidifiers and antifungal treatment
Bee stings,Epinephrine injection
Shellfish,Epinephrine injection
Latex,Avoidance and corticosteroids
Peanuts,Epinephrine injection
Pet dander,Allergy shots
Pet dander,Allergy shots
Latex,Avoidance and corticosteroids
Dust mites,Nasal corticosteroids
Latex,Avoidance and corticosteroids
Dust mites,Nasal corticosteroids
Pet dander,Allergy shots
Peanuts,Epinephrine injection
Pet dander,Allergy shots
Mold,Dehumidifiers and antifungal treatment
Bee stings,Epinephrine injection
Pollen,Antihistamines
Pet dander,Allergy shots
Latex,Avoidance and corticosteroids
Pet dander,Allergy shots
Dust mites,Nasal corticosteroids
Pollen,Antihistamines
Latex,Avoidance and corticosteroids
Pollen,Antihistamines
Pet dander,Allergy shots
Bee stings,Epinephrine injection
Peanuts,Epinephrine injection
Pollen,Antihistamines
Pollen,Antihistamines
Bee stings,Epinephrine injection
Bee stings,Epinephrine injection
Pet dander,Allergy shots
Pollen,Antihistamines
Pollen,Antihistamines
Dust mites,Nasal corticosteroids
Latex,Avoidance and corticosteroids
Peanuts,Epinephrine injection
Pollen,Antihistamines
Pet dander,Allergy shots
Peanuts,Epinephrine injection
Bee stings,Epinephrine injection
Pollen,Antihistamines
Pollen,Antihistamines
Pollen,Antihistamines
Latex,Avoidance and corticosteroids
Shellfish,Epinephrine injection
Mold,Dehumidifiers and antifungal treatment
Bee stings,Epinephrine injection
Bee stings,Epinephrine injection
Pet dander,Allergy shots
Pet dander,Allergy shots
Mold,Dehumidifiers and antifungal treatment
Shellfish,Epinephrine injection
Mold,Dehumidifiers and antifungal treatment
Pet dander,Allergy shots
Pet dander,Allergy shots
Mold,Dehumidifiers and antifungal treatment
Mold,Dehumidifiers and antifungal treatment
Latex,Avoidance and corticosteroids
Latex,Avoidance and corticosteroids
Latex,Avoidance and corticosteroids
Mold,Dehumidifiers and antifungal treatment
Latex,Avoidance and corticosteroids
Shellfish,Epinephrine injection
Pollen,Antihistamines
Peanuts,Epinephrine injection
Shellfish,Epinephrine injection
Peanuts,Epinephrine injection
Pet dander,Allergy shots
Peanuts,Epinephrine injection
Latex,Avoidance and corticosteroids
Shellfish,Epinephrine injection
Mold,Dehumidifiers and antifungal treatment
Shellfish,Epinephrine injection
Pet dander,Allergy shots
Shellfish,Epinephrine injection
Dust mites,Nasal corticosteroids
Peanuts,Epinephrine injection
Peanuts,Epinephrine injection
Bee stings,Epinephrine injection
Pollen,Antihistamines
Pollen,Antihistamines
Shellfish,Epinephrine injection
Dust mites,Nasal corticosteroids
Latex,Avoidance and corticosteroids
Dust mites,Nasal corticosteroids
Shellfish,Epinephrine injection
Pet dander,Allergy shots
Shellfish,Epinephrine injection
Peanuts,Epinephrine injection
Dust mites,Nasal corticosteroids
Latex,Avoidance and corticosteroids
Peanuts,Epinephrine injection
Pet dander,Allergy shots
Latex,Avoidance and corticosteroids
Mold,Dehumidifiers and antifungal treatment
Dust mites,Nasal corticosteroids
Pet dander,Allergy shots
Pet dander,Allergy shots
Latex,Avoidance and corticosteroids
Pollen,Antihistamines
Mold,Dehumidifiers and antifungal treatment
Pet dander,Allergy shots
Pollen,Antihistamines
Shellfish,Epinephrine injection
Pollen,Antihistamines
Shellfish,Epinephrine injection
Pet dander,Allergy shots
Peanuts,Epinephrine injection
Pet dander,Allergy shots
Shellfish,Epinephrine injection
Dust mites,Nasal corticosteroids
Shellfish,Epinephrine injection
Shellfish,Epinephrine injection
Bee stings,Epinephrine injection
Mold,Dehumidifiers and antifungal treatment
Pet dander,Allergy shots
Pet dander,Allergy shots
Pet dander,Allergy shots
Bee stings,Epinephrine injection
Dust mites,Nasal corticosteroids
Dust mites,Nasal corticosteroids
Latex,Avoidance and corticosteroids
Bee stings,Epinephrine injection
Shellfish,Epinephrine injection
Pollen,Antihistamines
Dust mites,Nasal corticosteroids
Bee stings,Epinephrine injection
Shellfish,Epinephrine injection
Mold,Dehumidifiers and antifungal treatment
Pollen,Antihistamines
Bee stings,Epinephrine injection
Peanuts,Epinephrine injection
Mold,Dehumidifiers and antifungal treatment
Bee stings,Epinephrine injection
Pollen,Antihistamines
Latex,Avoidance and corticosteroids
Pet dander,Allergy shots
