Immunization,Prevents
MMR vaccine,"Measles, Mumps, Rubella"
MMR vaccine,"Measles, Mumps, Rubella"
COVID-19 vaccine,COVID-19
Influenza vaccine,Influenza
Hepatitis B vaccine,Hepatitis B
COVID-19 vaccine,COVID-19
Influenza vaccine,Influenza
Influenza vaccine,Influenza
Tetanus vaccine,Tetanus
MMR vaccine,"Measles, Mumps, Rubella"
MMR vaccine,"Measles, Mumps, Rubella"
Rabies vaccine,Rabies
Influenza vaccine,Influenza
Polio vaccine,Poliomyelitis
Polio vaccine,Poliomyelitis
Influenza vaccine,Influenza
HPV vaccine,Human papillomavirus
Hepatitis B vaccine,Hepatitis B
Rabies vaccine,Rabies
COVID-19 vaccine,COVID-19
Rabies vaccine,Rabies
MMR vaccine,"Measles, Mumps, Rubella"
Influenza vaccine,Influenza
Polio vaccine,Poliomyelitis
Tetanus vaccine,Tetanus
Polio vaccine,Poliomyelitis
HPV vaccine,Human papillomavirus
Rabies vaccine,Rabies
Influenza vaccine,Influenza
Polio vaccine,Poliomyelitis
MMR vaccine,"Measles, Mumps, Rubella"
Influenza vaccine,Influenza
COVID-19 vaccine,COVID-19
Tetanus vaccine,Tetanus
Rabies vaccine,Rabies
Polio vaccine,Poliomyelitis
Hepatitis B vaccine,Hepatitis B
Hepatitis B vaccine,Hepatitis B
Tetanus vaccine,Tetanus
Rabies vaccine,Rabies
MMR vaccine,"Measles, Mumps, Rubella"
Polio vaccine,Poliomyelitis
COVID-19 vaccine,COVID-19
HPV vaccine,Human papillomavirus
Polio vaccine,Poliomyelitis
Polio vaccine,Poliomyelitis
Polio vaccine,Poliomyelitis
HPV vaccine,Human papillomavirus
Tetanus vaccine,Tetanus
Tetanus vaccine,Tetanus
MMR vaccine,"Measles, Mumps, Rubella"
HPV vaccine,Human papillomavirus
Tetanus vaccine,Tetanus
Polio vaccine,Poliomyelitis
MMR vaccine,"Measles, Mumps, Rubella"
Polio vaccine,Poliomyelitis
COVID-19 vaccine,COVID-19
Rabies vaccine,Rabies
Rabies vaccine,Rabies
HPV vaccine,Human papillomavirus
HPV vaccine,Human papillomavirus
MMR vaccine,"Measles, Mumps, Rubella"
Influenza vaccine,Influenza
Polio vaccine,Poliomyelitis
Tetanus vaccine,Tetanus
Tetanus vaccine,Tetanus
MMR vaccine,"Measles, Mumps, Rubella"
COVID-19 vaccine,COVID-19
Tetanus vaccine,Tetanus
Polio vaccine,Poliomyelitis
Influenza vaccine,Influenza
Hepatitis B vaccine,Hepatitis B
HPV vaccine,Human papillomavirus
MMR vaccine,"Measles, Mumps, Rubella"
Polio vaccine,Poliomyelitis
Polio vaccine,Poliomyelitis
HPV vaccine,Human papillomavirus
MMR vaccine,"Measles, Mumps, Rubella"
Tetanus vaccine,Tetanus
Rabies vaccine,Rabies
HPV vaccine,Human papillomavirus
Polio vaccine,Poliomyelitis
COVID-19 vaccine,COVID-19
HPV vaccine,Human papillomavirus
Influenza vaccine,Influenza
Polio vaccine,Poliomyelitis
MMR vaccine,"Measles, Mumps, Rubella"
Rabies vaccine,Rabies
MMR vaccine,"Measles, Mumps, Rubella"
Rabies vaccine,Rabies
Influenza vaccine,Influenza
Polio vaccine,Poliomyelitis
COVID-19 vaccine,COVID-19
Polio vaccine,Poliomyelitis
COVID-19 vaccine,COVID-19
Influenza vaccine,Influenza
Rabies vaccine,Rabies
MMR vaccine,"Measles, Mumps, Rubella"
HPV vaccine,Human papillomavirus
MMR vaccine,"Measles, Mumps, Rubella"
HPV vaccine,Human papillomavirus
MMR vaccine,"Measles, Mumps, Rubella"
Hepatitis B vaccine,Hepatitis B
Influenza vaccine,Influenza
Tetanus vaccine,Tetanus
Rabies vaccine,Rabies
COVID-19 vaccine,COVID-19
Rabies vaccine,Rabies
COVID-19 vaccine,COVID-19
Rabies vaccine,Rabies
Polio vaccine,Poliomyelitis
Hepatitis B vaccine,Hepatitis B
Polio vaccine,Poliomyelitis
Tetanus vaccine,Tetanus
Rabies vaccine,Rabies
COVID-19 vaccine,COVID-19
COVID-19 vaccine,COVID-19
Hepatitis B vaccine,Hepatitis B
Rabies vaccine,Rabies
HPV vaccine,Human papillomavirus
Hepatitis B vaccine,Hepatitis B
Tetanus vaccine,Tetanus
Hepatitis B vaccine,Hepatitis B
COVID-19 vaccine,COVID-19
Influenza vaccine,Influenza
Influenza vaccine,Influenza
Influenza vaccine,Influenza
Influenza vaccine,Influenza
Tetanus vaccine,Tetanus
Rabies vaccine,Rabies
MMR vaccine,"Measles, Mumps, Rubella"
HPV vaccine,Human papillomavirus
MMR vaccine,"Measles, Mumps, Rubella"
Hepatitis B vaccine,Hepatitis B
Rabies vaccine,Rabies
Rabies vaccine,Rabies
Hepatitis B vaccine,Hepatitis B
Polio vaccine,Poliomyelitis
HPV vaccine,Human papillomavirus
Hepatitis B vaccine,Hepatitis B
Polio vaccine,Poliomyelitis
HPV vaccine,Human papillomavirus
Hepatitis B vaccine,Hepatitis B
COVID-19 vaccine,COVID-19
Polio vaccine,Poliomyelitis
Polio vaccine,Poliomyelitis
Rabies vaccine,Rabies
Polio vaccine,Poliomyelitis
Polio vaccine,Poliomyelitis
Hepatitis B vaccine,Hepatitis B
MMR vaccine,"Measles, Mumps, Rubella"
Polio vaccine,Poliomyelitis
Influenza vaccine,Influenza
COVID-19 vaccine,COVID-19
MMR vaccine,"Measles, Mumps, Rubella"
Polio vaccine,Poliomyelitis
COVID-19 vaccine,COVID-19
Hepatitis B vaccine,Hepatitis B
Influenza vaccine,Influenza
Tetanus vaccine,Tetanus
Polio vaccine,Poliomyelitis
Tetanus vaccine,Tetanus
Polio vaccine,Poliomyelitis
Tetanus vaccine,Tetanus
Polio vaccine,Poliomyelitis
MMR vaccine,"Measles, Mumps, Rubella"
Hepatitis B vaccine,Hepatitis B
HPV vaccine,Human papillomavirus
Hepatitis B vaccine,Hepatitis B
MMR vaccine,"Measles, Mumps, Rubella"
Polio vaccine,Poliomyelitis
COVID-19 vaccine,COVID-19
COVID-19 vaccine,COVID-19
Influenza vaccine,Influenza
Rabies vaccine,Rabies
COVID-19 vaccine,COVID-19
HPV vaccine,Human papillomavirus
COVID-19 vaccine,COVID-19
Hepatitis B vaccine,Hepatitis B
Rabies vaccine,Rabies
Influenza vaccine,Influenza
Rabies vaccine,Rabies
HPV vaccine,Human papillomavirus
Polio vaccine,Poliomyelitis
Influenza vaccine,Influenza
Influenza vaccine,Influenza
HPV vaccine,Human papillomavirus
Influenza vaccine,Influenza
Rabies vaccine,Rabies
COVID-19 vaccine,COVID-19
Tetanus vaccine,Tetanus
Hepatitis B vaccine,Hepatitis B
HPV vaccine,Human papillomavirus
HPV vaccine,Human papillomavirus
COVID-19 vaccine,COVID-19
Tetanus vaccine,Tetanus
Hepatitis B vaccine,Hepatitis B
Tetanus vaccine,Tetanus
COVID-19 vaccine,COVID-19
MMR vaccine,"Measles, Mumps, Rubella"
Rabies vaccine,Rabies
Polio vaccine,Poliomyelitis
HPV vaccine,Human papillomavirus
Rabies vaccine,Rabies
Rabies vaccine,Rabies
Polio vaccine,Poliomyelitis
Influenza vaccine,Influenza
COVID-19 vaccine,COVID-19
Tetanus vaccine,Tetanus
Polio vaccine,Poliomyelitis
Polio vaccine,Poliomyelitis
Influenza vaccine,Influenza
HPV vaccine,Human papillomavirus
Rabies vaccine,Rabies
COVID-19 vaccine,COVID-19
Rabies vaccine,Rabies
COVID-19 vaccine,COVID-19
COVID-19 vaccine,COVID-19
Tetanus vaccine,Tetanus
Polio vaccine,Poliomyelitis
Polio vaccine,Poliomyelitis
Rabies vaccine,Rabies
Rabies vaccine,Rabies
Hepatitis B vaccine,Hepatitis B
HPV vaccine,Human papillomavirus
COVID-19 vaccine,COVID-19
Hepatitis B vaccine,Hepatitis B
Influenza vaccine,Influenza
Polio vaccine,Poliomyelitis
Influenza vaccine,Influenza
HPV vaccine,Human papillomavirus
Rabies vaccine,Rabies
Tetanus vaccine,Tetanus
Rabies vaccine,Rabies
COVID-19 vaccine,COVID-19
MMR vaccine,"Measles, Mumps, Rubella"
Tetanus vaccine,Tetanus
Rabies vaccine,Rabies
COVID-19 vaccine,COVID-19
HPV vaccine,Human papillomavirus
Hepatitis B vaccine,Hepatitis B
Rabies vaccine,Rabies
Polio vaccine,Poliomyelitis
Tetanus vaccine,Tetanus
Hepatitis B vaccine,Hepatitis B
Hepatitis B vaccine,Hepatitis B
Polio vaccine,Poliomyelitis
MMR vaccine,"Measles, Mumps, Rubella"
HPV vaccine,Human papillomavirus
Hepatitis B vaccine,Hepatitis B
Influenza vaccine,Influenza
HPV vaccine,Human papillomavirus
Hepatitis B vaccine,Hepatitis B
COVID-19 vaccine,COVID-19
Polio vaccine,Poliomyelitis
Tetanus vaccine,Tetanus
Hepatitis B vaccine,Hepatitis B
COVID-19 vaccine,COVID-19
HPV vaccine,Human papillomavirus
Influenza vaccine,Influenza
HPV vaccine,Human papillomavirus
MMR vaccine,"Measles, Mumps, Rubella"
Hepatitis B vaccine,Hepatitis B
Tetanus vaccine,Tetanus
HPV vaccine,Human papillomavirus
Tetanus vaccine,Tetanus
Influenza vaccine,Influenza
Hepatitis B vaccine,Hepatitis B
Tetanus vaccine,Tetanus
MMR vaccine,"Measles, Mumps, Rubella"
Tetanus vaccine,Tetanus
Hepatitis B vaccine,Hepatitis B
Tetanus vaccine,Tetanus
Polio vaccine,Poliomyelitis
MMR vaccine,"Measles, Mumps, Rubella"
MMR vaccine,"Measles, Mumps, Rubella"
Influenza vaccine,Influenza
HPV vaccine,Human papillomavirus
Tetanus vaccine,Tetanus
Rabies vaccine,Rabies
HPV vaccine,Human papillomavirus
Polio vaccine,Poliomyelitis
MMR vaccine,"Measles, Mumps, Rubella"
Rabies vaccine,Rabies
HPV vaccine,Human papillomavirus
Hepatitis B vaccine,Hepatitis B
HPV vaccine,Human papillomavirus
COVID-19 vaccine,COVID-19
Polio vaccine,Poliomyelitis
COVID-19 vaccine,COVID-19
Tetanus vaccine,Tetanus
COVID-19 vaccine,COVID-19
Influenza vaccine,Influenza
Hepatitis B vaccine,Hepatitis B
HPV vaccine,Human papillomavirus
Tetanus vaccine,Tetanus
Polio vaccine,Poliomyelitis
HPV vaccine,Human papillomavirus
Tetanus vaccine,Tetanus
Hepatitis B vaccine,Hepatitis B
HPV vaccine,Human papillomavirus
Rabies vaccine,Rabies
COVID-19 vaccine,COVID-19
Tetanus vaccine,Tetanus
HPV vaccine,Human papillomavirus
Polio vaccine,Poliomyelitis
COVID-19 vaccine,COVID-19
Hepatitis B vaccine,Hepatitis B
Influenza vaccine,Influenza
Influenza vaccine,Influenza
MMR vaccine,"Measles, Mumps, Rubella"
Tetanus vaccine,Tetanus
Rabies vaccine,Rabies
COVID-19 vaccine,COVID-19
Rabies vaccine,Rabies
Polio vaccine,Poliomyelitis
Tetanus vaccine,Tetanus
MMR vaccine,"Measles, Mumps, Rubella"
MMR vaccine,"Measles, Mumps, Rubella"
Tetanus vaccine,Tetanus
Tetanus vaccine,Tetanus
Influenza vaccine,Influenza
HPV vaccine,Human papillomavirus
COVID-19 vaccine,COVID-19
COVID-19 vaccine,COVID-19
MMR vaccine,"Measles, Mumps, Rubella"
Hepatitis B vaccine,Hepatitis B
Tetanus vaccine,Tetanus
Tetanus vaccine,Tetanus
Hepatitis B vaccine,Hepatitis B
COVID-19 vaccine,COVID-19
Tetanus vaccine,Tetanus
Rabies vaccine,Rabies
Hepatitis B vaccine,Hepatitis B
COVID-19 vaccine,COVID-19
Polio vaccine,Poliomyelitis
Hepatitis B vaccine,Hepatitis B
Influenza vaccine,Influenza
Influenza vaccine,Influenza
Polio vaccine,Poliomyelitis
MMR vaccine,"Measles, Mumps, Rubella"
MMR vaccine,"Measles, Mumps, Rubella"
Influenza vaccine,Influenza
Influenza vaccine,Influenza
Tetanus vaccine,Tetanus
Tetanus vaccine,Tetanus
Polio vaccine,Poliomyelitis
Hepatitis B vaccine,Hepatitis B
MMR vaccine,"Measles, Mumps, Rubella"
HPV vaccine,Human papillomavirus
HPV vaccine,Human papillomavirus
COVID-19 vaccine,COVID-19
Hepatitis B vaccine,Hepatitis B
Influenza vaccine,Influenza
Tetanus vaccine,Tetanus
Polio vaccine,Poliomyelitis
Tetanus vaccine,Tetanus
Influenza vaccine,Influenza
Influenza vaccine,Influenza
Polio vaccine,Poliomyelitis
Polio vaccine,Poliomyelitis
Tetanus vaccine,Tetanus
Tetanus vaccine,Tetanus
Influenza vaccine,Influenza
COVID-19 vaccine,COVID-19
Influenza vaccine,Influenza
HPV vaccine,Human papillomavirus
Polio vaccine,Poliomyelitis
Rabies vaccine,Rabies
Rabies vaccine,Rabies
Influenza vaccine,Influenza
MMR vaccine,"Measles, Mumps, Rubella"
Tetanus vaccine,Tetanus
Tetanus vaccine,Tetanus
Hepatitis B vaccine,Hepatitis B
Influenza vaccine,Influenza
HPV vaccine,Human papillomavirus
Polio vaccine,Poliomyelitis
Tetanus vaccine,Tetanus
Tetanus vaccine,Tetanus
MMR vaccine,"Measles, Mumps, Rubella"
HPV vaccine,Human papillomavirus
Rabies vaccine,Rabies
MMR vaccine,"Measles, Mumps, Rubella"
MMR vaccine,"Measles, Mumps, Rubella"
Influenza vaccine,Influenza
COVID-19 vaccine,COVID-19
COVID-19 vaccine,COVID-19
Influenza vaccine,Influenza
Tetanus vaccine,Tetanus
MMR vaccine,"Measles, Mumps, Rubella"
Polio vaccine,Poliomyelitis
Polio vaccine,Poliomyelitis
Hepatitis B vaccine,Hepatitis B
Influenza vaccine,Influenza
Polio vaccine,Poliomyelitis
Polio vaccine,Poliomyelitis
Polio vaccine,Poliomyelitis
MMR vaccine,"Measles, Mumps, Rubella"
COVID-19 vaccine,COVID-19
Influenza vaccine,Influenza
COVID-19 vaccine,COVID-19
Influenza vaccine,Influenza
Hepatitis B vaccine,Hepatitis B
HPV vaccine,Human papillomavirus
Hepatitis B vaccine,Hepatitis B
COVID-19 vaccine,COVID-19
Hepatitis B vaccine,Hepatitis B
Hepatitis B vaccine,Hepatitis B
Rabies vaccine,Rabies
Hepatitis B vaccine,Hepatitis B
HPV vaccine,Human papillomavirus
COVID-19 vaccine,COVID-19
Tetanus vaccine,Tetanus
MMR vaccine,"Measles, Mumps, Rubella"
MMR vaccine,"Measles, Mumps, Rubella"
Tetanus vaccine,Tetanus
Polio vaccine,Poliomyelitis
Rabies vaccine,Rabies
HPV vaccine,Human papillomavirus
HPV vaccine,Human papillomavirus
COVID-19 vaccine,COVID-19
Hepatitis B vaccine,Hepatitis B
HPV vaccine,Human papillomavirus
Influenza vaccine,Influenza
Hepatitis B vaccine,Hepatitis B
MMR vaccine,"Measles, Mumps, Rubella"
Tetanus vaccine,Tetanus
Hepatitis B vaccine,Hepatitis B
Influenza vaccine,Influenza
Tetanus vaccine,Tetanus
Hepatitis B vaccine,Hepatitis B
Hepatitis B vaccine,Hepatitis B
Influenza vaccine,Influenza
Polio vaccine,Poliomyelitis
Polio vaccine,Poliomyelitis
COVID-19 vaccine,COVID-19
Hepatitis B vaccine,Hepatitis B
Influenza vaccine,Influenza
Rabies vaccine,Rabies
Tetanus vaccine,Tetanus
HPV vaccine,Human papillomavirus
COVID-19 vaccine,COVID-19
Hepatitis B vaccine,Hepatitis B
HPV vaccine,Human papillomavirus
Tetanus vaccine,Tetanus
MMR vaccine,"Measles, Mumps, Rubella"
MMR vaccine,"Measles, Mumps, Rubella"
MMR vaccine,"Measles, Mumps, Rubella"
Rabies vaccine,Rabies
Rabies vaccine,Rabies
Rabies vaccine,Rabies
HPV vaccine,Human papillomavirus
HPV vaccine,Human papillomavirus
Hepatitis B vaccine,Hepatitis B
Influenza vaccine,Influenza
Rabies vaccine,Rabies
HPV vaccine,Human papillomavirus
Influenza vaccine,Influenza
Tetanus vaccine,Tetanus
HPV vaccine,Human papillomavirus
COVID-19 vaccine,COVID-19
Rabies vaccine,Rabies
MMR vaccine,"Measles, Mumps, Rubella"
HPV vaccine,Human papillomavirus
Hepatitis B vaccine,Hepatitis B
Influenza vaccine,Influenza
Influenza vaccine,Influenza
Tetanus vaccine,Tetanus
HPV vaccine,Human papillomavirus
Tetanus vaccine,Tetanus
HPV vaccine,Human papillomavirus
Tetanus vaccine,Tetanus
HPV vaccine,Human papillomavirus
MMR vaccine,"Measles, Mumps, Rubella"
Tetanus vaccine,Tetanus
Influenza vaccine,Influenza
Tetanus vaccine,Tetanus
Rabies vaccine,Rabies
Tetanus vaccine,Tetanus
Tetanus vaccine,Tetanus
COVID-19 vaccine,COVID-19
Hepatitis B vaccine,Hepatitis B
MMR vaccine,"Measles, Mumps, Rubella"
Polio vaccine,Poliomyelitis
HPV vaccine,Human papillomavirus
COVID-19 vaccine,COVID-19
Hepatitis B vaccine,Hepatitis B
Polio vaccine,Poliomyelitis
COVID-19 vaccine,COVID-19
Influenza vaccine,Influenza
Tetanus vaccine,Tetanus
Influenza vaccine,Influenza
COVID-19 vaccine,COVID-19
Hepatitis B vaccine,Hepatitis B
MMR vaccine,"Measles, Mumps, Rubella"
Influenza vaccine,Influenza
MMR vaccine,"Measles, Mumps, Rubella"
Hepatitis B vaccine,Hepatitis B
Rabies vaccine,Rabies
Tetanus vaccine,Tetanus
Influenza vaccine,Influenza
Tetanus vaccine,Tetanus
Hepatitis B vaccine,Hepatitis B
COVID-19 vaccine,COVID-19
Polio vaccine,Poliomyelitis
MMR vaccine,"Measles, Mumps, Rubella"
COVID-19 vaccine,COVID-19
COVID-19 vaccine,COVID-19
MMR vaccine,"Measles, Mumps, Rubella"
HPV vaccine,Human papillomavirus
HPV vaccine,Human papillomavirus
Tetanus vaccine,Tetanus
Polio vaccine,Poliomyelitis
COVID-19 vaccine,COVID-19
Influenza vaccine,Influenza
Hepatitis B vaccine,Hepatitis B
MMR vaccine,"Measles, Mumps, Rubella"
Polio vaccine,Poliomyelitis
Rabies vaccine,Rabies
Rabies vaccine,Rabies
Influenza vaccine,Influenza
Rabies vaccine,Rabies
Rabies vaccine,Rabies
Hepatitis B vaccine,Hepatitis B
Tetanus vaccine,Tetanus
Polio vaccine,Poliomyelitis
Rabies vaccine,Rabies
Hepatitis B vaccine,Hepatitis B
Influenza vaccine,Influenza
MMR vaccine,"Measles, Mumps, Rubella"
MMR vaccine,"Measles, Mumps, Rubella"
Hepatitis B vaccine,Hepatitis B
Rabies vaccine,Rabies
Rabies vaccine,Rabies
HPV vaccine,Human papillomavirus
Tetanus vaccine,Tetanus
Influenza vaccine,Influenza
Polio vaccine,Poliomyelitis
Rabies vaccine,Rabies
COVID-19 vaccine,COVID-19
MMR vaccine,"Measles, Mumps, Rubella"
Rabies vaccine,Rabies
COVID-19 vaccine,COVID-19
Polio vaccine,Poliomyelitis
Hepatitis B vaccine,Hepatitis B
Influenza vaccine,Influenza
Tetanus vaccine,Tetanus
Tetanus vaccine,Tetanus
HPV vaccine,Human papillomavirus
Polio vaccine,Poliomyelitis
Rabies vaccine,Rabies
Hepatitis B vaccine,Hepatitis B
MMR vaccine,"Measles, Mumps, Rubella"
MMR vaccine,"Measles, Mumps, Rubella"
COVID-19 vaccine,COVID-19
Rabies vaccine,Rabies
Hepatitis B vaccine,Hepatitis B
Tetanus vaccine,Tetanus
Polio vaccine,Poliomyelitis
Polio vaccine,Poliomyelitis
MMR vaccine,"Measles, Mumps, Rubella"
Tetanus vaccine,Tetanus
Tetanus vaccine,Tetanus
COVID-19 vaccine,COVID-19
Tetanus vaccine,Tetanus
MMR vaccine,"Measles, Mumps, Rubella"
Tetanus vaccine,Tetanus
Influenza vaccine,Influenza
Tetanus vaccine,Tetanus
Polio vaccine,Poliomyelitis
Polio vaccine,Poliomyelitis
Hepatitis B vaccine,Hepatitis B
Polio vaccine,Poliomyelitis
Polio vaccine,Poliomyelitis
HPV vaccine,Human papillomavirus
Polio vaccine,Poliomyelitis
Tetanus vaccine,Tetanus
Polio vaccine,Poliomyelitis
HPV vaccine,Human papillomavirus
Polio vaccine,Poliomyelitis
COVID-19 vaccine,COVID-19
MMR vaccine,"Measles, Mumps, Rubella"
MMR vaccine,"Measles, Mumps, Rubella"
COVID-19 vaccine,COVID-19
Polio vaccine,Poliomyelitis
COVID-19 vaccine,COVID-19
MMR vaccine,"Measles, Mumps, Rubella"
Hepatitis B vaccine,Hepatitis B
Hepatitis B vaccine,Hepatitis B
Tetanus vaccine,Tetanus
COVID-19 vaccine,COVID-19
Rabies vaccine,Rabies
Rabies vaccine,Rabies
Tetanus vaccine,Tetanus
Influenza vaccine,Influenza
HPV vaccine,Human papillomavirus
COVID-19 vaccine,COVID-19
COVID-19 vaccine,COVID-19
HPV vaccine,Human papillomavirus
