Procedure,Condition
Cataract surgery,Cataract
Tonsillectomy,Tonsillitis
Dialysis,Kidney failure
Coronary bypass,Heart disease
Endoscopy,Gastrointestinal issues
Chemotherapy,Cancer
Cataract surgery,Cataract
Chemotherapy,Cancer
Endoscopy,Gastrointestinal issues
Cataract surgery,Cataract
Appendectomy,Appendicitis
Cataract surgery,Cataract
Hip replacement,Arthritis
Coronary bypass,Heart disease
Dialysis,Kidney failure
Endoscopy,Gastrointestinal issues
Hip replacement,Arthritis
Hip replacement,Arthritis
Appendectomy,Appendicitis
Hip replacement,Arthritis
Dialysis,Kidney failure
Chemotherapy,Cancer
Endoscopy,Gastrointestinal issues
Cataract surgery,Cataract
Dialysis,Kidney failure
Coronary bypass,Heart disease
Coronary bypass,Heart disease
Appendectomy,Appendicitis
Tonsillectomy,Tonsillitis
Appendectomy,Appendicitis
Endoscopy,Gastrointestinal issues
Appendectomy,Appendicitis
Cataract surgery,Cataract
Chemotherapy,Cancer
Chemotherapy,Cancer
Dialysis,Kidney failure
Coronary bypass,Heart disease
Endoscopy,Gastrointestinal issues
Dialysis,Kidney failure
Dialysis,Kidney failure
Appendectomy,Appendicitis
Coronary bypass,Heart disease
Hip replacement,Arthritis
Endoscopy,Gastrointestinal issues
Dialysis,Kidney failure
Dialysis,Kidney failure
Coronary bypass,Heart disease
Appendectomy,Appendicitis
Tonsillectomy,Tonsillitis
Endoscopy,Gastrointestinal issues
Tonsillectomy,Tonsillitis
Cataract surgery,Cataract
Endoscopy,Gastrointestinal issues
Hip replacement,Arthritis
Hip replacement,Arthritis
Cataract surgery,Cataract
Hip replacement,Arthritis
Dialysis,Kidney failure
Coronary bypass,Heart disease
Cataract surgery,Cataract
Appendectomy,Appendicitis
Cataract surgery,Cataract
Appendectomy,Appendicitis
Dialysis,Kidney failure
Cataract surgery,Cataract
Dialysis,Kidney failure
Appendectomy,Appendicitis
Appendectomy,Appendicitis
Dialysis,Kidney failure
Chemotherapy,Cancer
Tonsillectomy,Tonsillitis
Hip replacement,Arthritis
Chemotherapy,Cancer
Cataract surgery,Cataract
Chemotherapy,Cancer
Appendectomy,Appendicitis
Hip replacement,Arthritis
Cataract surgery,Cataract
Dialysis,Kidney failure
Hip replacement,Arthritis
Hip replacement,Arthritis
Chemotherapy,Cancer
Coronary bypass,Heart disease
Coronary bypass,Heart disease
Appendectomy,Appendicitis
Chemotherapy,Cancer
Cataract surgery,Cataract
Cataract surgery,Cataract
Endoscopy,Gastrointestinal issues
Coronary bypass,Heart disease
Endoscopy,Gastrointestinal issues
Coronary bypass,Heart disease
Appendectomy,Appendicitis
Tonsillectomy,Tonsillitis
Endoscopy,Gastrointestinal issues
Cataract surgery,Cataract
Endoscopy,Gastrointestinal issues
Tonsillectomy,Tonsillitis
Dialysis,Kidney failure
Dialysis,Kidney failure
Endoscopy,Gastrointestinal issues
Appendectomy,Appendicitis
Cataract surgery,Cataract
Chemotherapy,Cancer
Endoscopy,Gastrointestinal issues
Chemotherapy,Cancer
Dialysis,Kidney failure
Dialysis,Kidney failure
Cataract surgery,Cataract
Dialysis,Kidney failure
Dialysis,Kidney failure
Cataract surgery,Cataract
Tonsillectomy,Tonsillitis
Hip replacement,Arthritis
Coronary bypass,Heart disease
Chemotherapy,Cancer
Endoscopy,Gastrointestinal issues
Hip replacement,Arthritis
Chemotherapy,Cancer
Coronary bypass,Heart disease
Endoscopy,Gastrointestinal issues
Coronary bypass,Heart disease
Endoscopy,Gastrointestinal issues
Chemotherapy,Cancer
Coronary bypass,Heart disease
Coronary bypass,Heart disease
Hip replacement,Arthritis
Coronary bypass,Heart disease
Chemotherapy,Cancer
Hip replacement,Arthritis
Endoscopy,Gastrointestinal issues
Hip replacement,Arthritis
Appendectomy,Appendicitis
Endoscopy,Gastrointestinal issues
Endoscopy,Gastrointestinal issues
Tonsillectomy,Tonsillitis
Dialysis,Kidney failure
Tonsillectomy,Tonsillitis
Hip replacement,Arthritis
Coronary bypass,Heart disease
Appendectomy,Appendicitis
Appendectomy,Appendicitis
Appendectomy,Appendicitis
Cataract surgery,Cataract
Cataract surgery,Cataract
Tonsillectomy,Tonsillitis
Dialysis,Kidney failure
Tonsillectomy,Tonsillitis
Dialysis,Kidney failure
Coronary bypass,Heart disease
Hip replacement,Arthritis
Dialysis,Kidney failure
Hip replacement,Arthritis
Dialysis,Kidney failure
Chemotherapy,Cancer
Dialysis,Kidney failure
Tonsillectomy,Tonsillitis
Cataract surgery,Cataract
Appendectomy,Appendicitis
Endoscopy,Gastrointestinal issues
Coronary bypass,Heart disease
Cataract surgery,Cataract
Chemotherapy,Cancer
Cataract surgery,Cataract
Dialysis,Kidney failure
Endoscopy,Gastrointestinal issues
Dialysis,Kidney failure
Hip replacement,Arthritis
Dialysis,Kidney failure
Dialysis,Kidney failure
Dialysis,Kidney failure
Tonsillectomy,Tonsillitis
Hip replacement,Arthritis
Dialysis,Kidney failure
Endoscopy,Gastrointestinal issues
Tonsillectomy,Tonsillitis
Appendectomy,Appendicitis
Cataract surgery,Cataract
Dialysis,Kidney failure
Chemotherapy,Cancer
Chemotherapy,Cancer
Dialysis,Kidney failure
Tonsillectomy,Tonsillitis
Coronary bypass,Heart disease
Dialysis,Kidney failure
Dialysis,Kidney failure
Cataract surgery,Cataract
Tonsillectomy,Tonsillitis
Chemotherapy,Cancer
Hip replacement,Arthritis
Dialysis,Kidney failure
Endoscopy,Gastrointestinal issues
Coronary bypass,Heart disease
Coronary bypass,Heart disease
Appendectomy,Appendicitis
Endoscopy,Gastrointestinal issues
Hip replacement,Arthritis
Cataract surgery,Cataract
Chemotherapy,Cancer
Tonsillectomy,Tonsillitis
Appendectomy,Appendicitis
Dialysis,Kidney failure
Hip replacement,Arthritis
Cataract surgery,Cataract
Chemotherapy,Cancer
Coronary bypass,Heart disease
Endoscopy,Gastrointestinal issues
Endoscopy,Gastrointestinal issues
Appendectomy,Appendicitis
Coronary bypass,Heart disease
Hip replacement,Arthritis
Coronary bypass,Heart disease
Cataract surgery,Cataract
Hip replacement,Arthritis
Coronary bypass,Heart disease
Dialysis,Kidney failure
Tonsillectomy,Tonsillitis
Endoscopy,Gastrointestinal issues
Hip replacement,Arthritis
Endoscopy,Gastrointestinal issues
Cataract surgery,Cataract
Appendectomy,Appendicitis
Tonsillectomy,Tonsillitis
Tonsillectomy,Tonsillitis
Coronary bypass,Heart disease
Tonsillectomy,Tonsillitis
Cataract surgery,Cataract
Coronary bypass,Heart disease
Hip replacement,Arthritis
Chemotherapy,Cancer
Dialysis,Kidney failure
Chemotherapy,Cancer
Coronary bypass,Heart disease
Hip replacement,Arthritis
Endoscopy,Gastrointestinal issues
Endoscopy,Gastrointestinal issues
Endoscopy,Gastrointestinal issues
Hip replacement,Arthritis
Appendectomy,Appendicitis
Dialysis,Kidney failure
Dialysis,Kidney failure
Hip replacement,Arthritis
Appendectomy,Appendicitis
Cataract surgery,Cataract
Hip replacement,Arthritis
Endoscopy,Gastrointestinal issues
Endoscopy,Gastrointestinal issues
Hip replacement,Arthritis
Chemotherapy,Cancer
Chemotherapy,Cancer
Hip replacement,Arthritis
Appendectomy,Appendicitis
Cataract surgery,Cataract
Dialysis,Kidney failure
Cataract surgery,Cataract
Coronary bypass,Heart disease
Endoscopy,Gastrointestinal issues
Hip replacement,Arthritis
Dialysis,Kidney failure
Dialysis,Kidney failure
Coronary bypass,Heart disease
Tonsillectomy,Tonsillitis
Hip replacement,Arthritis
Endoscopy,Gastrointestinal issues
Chemotherapy,Cancer
Coronary bypass,Heart disease
Hip replacement,Arthritis
Tonsillectomy,Tonsillitis
Tonsillectomy,Tonsillitis
Appendectomy,Appendicitis
Endoscopy,Gastrointestinal issues
Cataract surgery,Cataract
Endoscopy,Gastrointestinal issues
Endoscopy,Gastrointestinal issues
Coronary bypass,Heart disease
Cataract surgery,Cataract
Hip replacement,Arthritis
Coronary bypass,Heart disease
Chemotherapy,Cancer
Appendectomy,Appendicitis
Coronary bypass,Heart disease
Hip replacement,Arthritis
Dialysis,Kidney failure
Endoscopy,Gastrointestinal issues
Hip replacement,Arthritis
Endoscopy,Gastrointestinal issues
Endoscopy,Gastrointestinal issues
Dialysis,Kidney failure
Coronary bypass,Heart disease
Tonsillectomy,Tonsillitis
Chemotherapy,Cancer
Tonsillectomy,Tonsillitis
Hip replacement,Arthritis
Cataract surgery,Cataract
Endoscopy,Gastrointestinal issues
Coronary bypass,Heart disease
Hip replacement,Arthritis
Tonsillectomy,Tonsillitis
Coronary bypass,Heart disease
Hip replacement,Arthritis
Chemotherapy,Cancer
Appendectomy,Appendicitis
Appendectomy,Appendicitis
Appendectomy,Appendicitis
Endoscopy,Gastrointestinal issues
Tonsillectomy,Tonsillitis
Cataract surgery,Cataract
Coronary bypass,Heart disease
Hip replacement,Arthritis
Coronary bypass,Heart disease
Coronary bypass,Heart disease
Tonsillectomy,Tonsillitis
Dialysis,Kidney failure
Chemotherapy,Cancer
Tonsillectomy,Tonsillitis
Chemotherapy,Cancer
Hip replacement,Arthritis
Coronary bypass,Heart disease
Endoscopy,Gastrointestinal issues
Cataract surgery,Cataract
Chemotherapy,Cancer
Cataract surgery,Cataract
Hip replacement,Arthritis
Appendectomy,Appendicitis
Cataract surgery,Cataract
Appendectomy,Appendicitis
Chemotherapy,Cancer
Chemotherapy,Cancer
Cataract surgery,Cataract
Endoscopy,Gastrointestinal issues
Appendectomy,Appendicitis
Hip replacement,Arthritis
Coronary bypass,Heart disease
Coronary bypass,Heart disease
Tonsillectomy,Tonsillitis
Appendectomy,Appendicitis
Hip replacement,Arthritis
Chemotherapy,Cancer
Chemotherapy,Cancer
Tonsillectomy,Tonsillitis
Cataract surgery,Cataract
Coronary bypass,Heart disease
Hip replacement,Arthritis
Tonsillectomy,Tonsillitis
Tonsillectomy,Tonsillitis
Appendectomy,Appendicitis
Cataract surgery,Cataract
Endoscopy,Gastrointestinal issues
Coronary bypass,Heart disease
Chemotherapy,Cancer
Coronary bypass,Heart disease
Appendectomy,Appendicitis
Appendectomy,Appendicitis
Appendectomy,Appendicitis
Hip replacement,Arthritis
Hip replacement,Arthritis
Hip replacement,Arthritis
Hip replacement,Arthritis
Appendectomy,Appendicitis
Tonsillectomy,Tonsillitis
Chemotherapy,Cancer
Endoscopy,Gastrointestinal issues
Tonsillectomy,Tonsillitis
Endoscopy,Gastrointestinal issues
Dialysis,Kidney failure
Tonsillectomy,Tonsillitis
Endoscopy,Gastrointestinal issues
Hip replacement,Arthritis
Dialysis,Kidney failure
Hip replacement,Arthritis
Cataract surgery,Cataract
Chemotherapy,Cancer
Coronary bypass,Heart disease
Chemotherapy,Cancer
Chemotherapy,Cancer
Cataract surgery,Cataract
Chemotherapy,Cancer
Appendectomy,Appendicitis
Hip replacement,Arthritis
Endoscopy,Gastrointestinal issues
Chemotherapy,Cancer
Tonsillectomy,Tonsillitis
Dialysis,Kidney failure
Dialysis,Kidney failure
Endoscopy,Gastrointestinal issues
Appendectomy,Appendicitis
Tonsillectomy,Tonsillitis
Appendectomy,Appendicitis
Coronary bypass,Heart disease
Appendectomy,Appendicitis
Appendectomy,Appendicitis
Endoscopy,Gastrointestinal issues
Tonsillectomy,Tonsillitis
Hip replacement,Arthritis
Appendectomy,Appendicitis
Endoscopy,Gastrointestinal issues
Chemotherapy,Cancer
Chemotherapy,Cancer
Appendectomy,Appendicitis
Tonsillectomy,Tonsillitis
Appendectomy,Appendicitis
Endoscopy,Gastrointestinal issues
Cataract surgery,Cataract
Chemotherapy,Cancer
Cataract surgery,Cataract
Chemotherapy,Cancer
Hip replacement,Arthritis
Dialysis,Kidney failure
Cataract surgery,Cataract
Coronary bypass,Heart disease
Appendectomy,Appendicitis
Dialysis,Kidney failure
Coronary bypass,Heart disease
Chemotherapy,Cancer
Hip replacement,Arthritis
Hip replacement,Arthritis
Coronary bypass,Heart disease
Dialysis,Kidney failure
Appendectomy,Appendicitis
Hip replacement,Arthritis
Dialysis,Kidney failure
Hip replacement,Arthritis
Chemotherapy,Cancer
Coronary bypass,Heart disease
Dialysis,Kidney failure
Dialysis,Kidney failure
Coronary bypass,Heart disease
Endoscopy,Gastrointestinal issues
Endoscopy,Gastrointestinal issues
Endoscopy,Gastrointestinal issues
Endoscopy,Gastrointestinal issues
Appendectomy,Appendicitis
Hip replacement,Arthritis
Endoscopy,Gastrointestinal issues
Hip replacement,Arthritis
Dialysis,Kidney failure
Tonsillectomy,Tonsillitis
Cataract surgery,Cataract
Tonsillectomy,Tonsillitis
Appendectomy,Appendicitis
Dialysis,Kidney failure
Coronary bypass,Heart disease
Endoscopy,Gastrointestinal issues
Coronary bypass,Heart disease
Coronary bypass,Heart disease
Cataract surgery,Cataract
Endoscopy,Gastrointestinal issues
Endoscopy,Gastrointestinal issues
Cataract surgery,Cataract
Coronary bypass,Heart disease
Hip replacement,Arthritis
Appendectomy,Appendicitis
Endoscopy,Gastrointestinal issues
Hip replacement,Arthritis
Hip replacement,Arthritis
Appendectomy,Appendicitis
Endoscopy,Gastrointestinal issues
Cataract surgery,Cataract
Hip replacement,Arthritis
Coronary bypass,Heart disease
Tonsillectomy,Tonsillitis
Endoscopy,Gastrointestinal issues
Tonsillectomy,Tonsillitis
Hip replacement,Arthritis
Cataract surgery,Cataract
Cataract surgery,Cataract
Dialysis,Kidney failure
Endoscopy,Gastrointestinal issues
Cataract surgery,Cataract
Endoscopy,Gastrointestinal issues
Coronary bypass,Heart disease
Hip replacement,Arthritis
Coronary bypass,Heart disease
Hip replacement,Arthritis
Dialysis,Kidney failure
Endoscopy,Gastrointestinal issues
Coronary bypass,Heart disease
Coronary bypass,Heart disease
Appendectomy,Appendicitis
Hip replacement,Arthritis
Coronary bypass,Heart disease
Dialysis,Kidney failure
Appendectomy,Appendicitis
Tonsillectomy,Tonsillitis
Dialysis,Kidney failure
Coronary bypass,Heart disease
Hip replacement,Arthritis
Endoscopy,Gastrointestinal issues
Appendectomy,Appendicitis
Chemotherapy,Cancer
Coronary bypass,Heart disease
Hip replacement,Arthritis
Coronary bypass,Heart disease
Tonsillectomy,Tonsillitis
Chemotherapy,Cancer
Coronary bypass,Heart disease
Hip replacement,Arthritis
Chemotherapy,Cancer
Appendectomy,Appendicitis
Dialysis,Kidney failure
Cataract surgery,Cataract
Appendectomy,Appendicitis
Cataract surgery,Cataract
Tonsillectomy,Tonsillitis
Dialysis,Kidney failure
Tonsillectomy,Tonsillitis
Endoscopy,Gastrointestinal issues
Chemotherapy,Cancer
Dialysis,Kidney failure
Chemotherapy,Cancer
Tonsillectomy,Tonsillitis
Endoscopy,Gastrointestinal issues
Appendectomy,Appendicitis
Appendectomy,Appendicitis
Tonsillectomy,Tonsillitis
Coronary bypass,Heart disease
Hip replacement,Arthritis
Chemotherapy,Cancer
Hip replacement,Arthritis
Endoscopy,Gastrointestinal issues
Cataract surgery,Cataract
Appendectomy,Appendicitis
Coronary bypass,Heart disease
Chemotherapy,Cancer
Appendectomy,Appendicitis
Dialysis,Kidney failure
Appendectomy,Appendicitis
Endoscopy,Gastrointestinal issues
Dialysis,Kidney failure
Endoscopy,Gastrointestinal issues
Hip replacement,Arthritis
Hip replacement,Arthritis
Coronary bypass,Heart disease
Appendectomy,Appendicitis
Hip replacement,Arthritis
Chemotherapy,Cancer
Chemotherapy,Cancer
Cataract surgery,Cataract
Coronary bypass,Heart disease
Chemotherapy,Cancer
Dialysis,Kidney failure
Cataract surgery,Cataract
Tonsillectomy,Tonsillitis
Cataract surgery,Cataract
Dialysis,Kidney failure
Cataract surgery,Cataract
Coronary bypass,Heart disease
Dialysis,Kidney failure
Chemotherapy,Cancer
Dialysis,Kidney failure
Coronary bypass,Heart disease
Appendectomy,Appendicitis
Cataract surgery,Cataract
Appendectomy,Appendicitis
Hip replacement,Arthritis
Dialysis,Kidney failure
Dialysis,Kidney failure
Chemotherapy,Cancer
Chemotherapy,Cancer
Coronary bypass,Heart disease
Endoscopy,Gastrointestinal issues
Dialysis,Kidney failure
Appendectomy,Appendicitis
Hip replacement,Arthritis
Dialysis,Kidney failure
Cataract surgery,Cataract
Cataract surgery,Cataract
Chemotherapy,Cancer
Cataract surgery,Cataract
Tonsillectomy,Tonsillitis
Tonsillectomy,Tonsillitis
Hip replacement,Arthritis
Dialysis,Kidney failure
Tonsillectomy,Tonsillitis
Hip replacement,Arthritis
Appendectomy,Appendicitis
Appendectomy,Appendicitis
Chemotherapy,Cancer
Tonsillectomy,Tonsillitis
Appendectomy,Appendicitis
Hip replacement,Arthritis
Dialysis,Kidney failure
Hip replacement,Arthritis
Coronary bypass,Heart disease
Cataract surgery,Cataract
Tonsillectomy,Tonsillitis
Tonsillectomy,Tonsillitis
Tonsillectomy,Tonsillitis
Hip replacement,Arthritis
Cataract surgery,Cataract
Hip replacement,Arthritis
Endoscopy,Gastrointestinal issues
Dialysis,Kidney failure
Tonsillectomy,Tonsillitis
Appendectomy,Appendicitis
Hip replacement,Arthritis
Chemotherapy,Cancer
Endoscopy,Gastrointestinal issues
Cataract surgery,Cataract
Coronary bypass,Heart disease
